fname,label,Acoustic_guitar,Bass_drum,Cello,Clarinet,Double_bass,Flute,Hi-hat,Saxophone,Snare_drum,Violin_or_fiddle,y_pred
5388d14d.wav,Saxophone,0.0007081227377057076,0.021724883466959,0.001966760726645589,0.011074467562139034,0.0009597972384653986,0.01635228656232357,0.00032552637276239693,0.9283849000930786,0.013921545818448067,0.004581612069159746,Saxophone
c685f05f.wav,Saxophone,0.002684185514226556,0.004259432666003704,0.004706686828285456,0.004518567118793726,0.00015997713489923626,0.0011374244932085276,0.0024059435818344355,0.9760953783988953,0.0032520429231226444,0.0007803376647643745,Saxophone
36d20ab5.wav,Saxophone,0.00010536447371123359,0.00016604478878434747,0.0010093426099047065,0.00016542024968657643,8.796332986094058e-05,0.0006267444114200771,0.00016281718853861094,0.9976113438606262,5.146196417626925e-05,1.3441564988170285e-05,Saxophone
d6665734.wav,Saxophone,0.013552571646869183,1.0944212590402458e-05,0.031620051711797714,4.4882730435347185e-05,0.00011398559581721202,0.003614338580518961,9.501174531578727e-07,0.9478331208229065,0.00046698207734152675,0.002742369659245014,Saxophone
7352e28f.wav,Saxophone,5.078199683339335e-05,8.322107109340338e-13,0.00018804252613335848,0.0004091929004061967,5.256071133885598e-09,0.010463970713317394,2.38170427824258e-10,0.9888876080513,4.103001358807257e-12,4.332659671035799e-07,Saxophone
8fa096bf.wav,Saxophone,0.0003444243920966983,7.975267362780869e-05,0.0008934306679293513,0.0026128494646400213,1.1898263437615242e-05,0.0003891356464009732,1.9460618204902858e-05,0.9928551912307739,0.0005288849351927638,0.0022649182938039303,Saxophone
2f9c5f62.wav,Saxophone,1.8552889002876327e-07,9.304330817903796e-15,0.0002834488986991346,0.09244880080223083,2.4519383856613786e-08,4.8803576646605507e-05,4.715498485934576e-15,0.907192051410675,2.4970948288682848e-05,1.819409021663887e-06,Saxophone
9cd05a2b.wav,Saxophone,1.8488435671315528e-06,1.5888842241906787e-08,0.0011524161091074347,0.00010115802433574572,2.0585852666954452e-07,0.0067229806445539,1.6437639010352667e-12,0.9920177459716797,1.1006129341240012e-08,3.6565643313224427e-06,Saxophone
ab465bf9.wav,Saxophone,1.0758848247860442e-06,8.378606510851816e-13,9.881023288471624e-05,0.00031727796886116266,4.4127051523901173e-07,0.003450214397162199,2.001493724446482e-13,0.9961323738098145,5.0850424565540564e-11,3.0907933989965386e-08,Saxophone
c40632d7.wav,Saxophone,0.036299653351306915,0.0008179626311175525,0.03732636198401451,0.049220215529203415,0.00046768871834501624,0.00969000719487667,3.7810991670994554e-06,0.853489339351654,0.009066490456461906,0.003618340939283371,Saxophone
3a80061f.wav,Saxophone,0.00014552583161275834,0.00023697828873991966,0.0046921465545892715,0.00029019726207479835,1.8380485926172696e-05,0.015601424500346184,1.4321074559120461e-05,0.962136447429657,0.002174191176891327,0.01469044853001833,Saxophone
dba6817d.wav,Saxophone,0.0003094157436862588,7.640676535913826e-09,0.011022037826478481,0.00012936434359289706,1.8222900166620093e-07,0.0005896277725696564,1.7687935951471445e-06,0.9858001470565796,1.1604772225837223e-05,0.002135778311640024,Saxophone
25f26095.wav,Saxophone,0.00013836388825438917,0.002341045066714287,0.004333510994911194,4.1925974073819816e-05,0.0008580054854974151,0.0011669055093079805,1.6680478438502178e-05,0.9491863250732422,0.041355155408382416,0.000562054687179625,Saxophone
37cebbd4.wav,Saxophone,4.87716124553117e-06,1.3752534701316765e-11,2.403210601187311e-05,1.0766876812340342e-07,1.4166586481678678e-07,1.593166780367028e-05,2.588276001944806e-13,0.9999548196792603,1.734287897754011e-13,1.0849998943740502e-07,Saxophone
f8d96888.wav,Saxophone,0.012419218197464943,8.450233144685626e-05,0.023527808487415314,0.013282045722007751,0.00013224943540990353,0.00973628368228674,1.8180928236688487e-05,0.9216161370277405,0.016379190608859062,0.0028044614009559155,Saxophone
d94c94f0.wav,Saxophone,0.0017698070732876658,3.945601201849058e-05,0.0010653428034856915,0.013766491785645485,0.00044579547829926014,6.016887346049771e-05,1.7261667153434246e-06,0.9824659824371338,3.856132025248371e-05,0.0003465440240688622,Saxophone
ec6afeb6.wav,Saxophone,0.00015139230526983738,6.047984779655735e-09,0.00018259513308294117,5.799093472091954e-08,2.840084198396653e-05,0.003422797890380025,1.8776766166211933e-12,0.9961050748825073,1.6025555327203733e-09,0.00010982987441821024,Saxophone
5f0dc8e4.wav,Saxophone,0.00015018385602161288,1.295500706710584e-09,5.756916834798176e-06,0.06438668072223663,8.323617294081487e-06,0.0019286989700049162,1.7339034125585934e-13,0.9334747195243835,1.4164053936838172e-05,3.157211176585406e-05,Saxophone
b8c0a88a.wav,Saxophone,7.153743354137987e-05,5.684808623840354e-09,0.010190017521381378,0.003229890950024128,1.732925483111103e-07,0.03558548912405968,1.9528604511265257e-08,0.9508153796195984,5.056465965935786e-07,0.00010709319030866027,Saxophone
96dad435.wav,Saxophone,0.001565946964547038,1.801885751717691e-08,0.00024307926651090384,0.007518494501709938,8.938764949562028e-06,0.00798957608640194,5.354307492169696e-13,0.9826647043228149,4.877350079368625e-09,9.14437714527594e-06,Saxophone
b120dc90.wav,Saxophone,0.00022566666302736849,0.0001711542281555012,0.0005867542931810021,0.00010844130156328902,0.005612165667116642,9.527370275463909e-05,8.17810104081218e-08,0.9750997424125671,0.00018097442807629704,0.01791980303823948,Saxophone
c1948f24.wav,Saxophone,6.282232334342552e-06,8.595432850720675e-13,0.00021103958715684712,0.0010680900886654854,9.755054634297267e-06,0.03800330311059952,2.445492697233931e-10,0.9607014656066895,3.021130012825779e-08,5.463068575295438e-08,Saxophone
ac097834.wav,Saxophone,0.0005607735365629196,7.538844215559948e-07,0.006850217469036579,0.007983200252056122,1.3065964594716206e-05,0.005074688699096441,4.199720933684148e-06,0.9787766933441162,4.178900326223811e-06,0.0007323151803575456,Saxophone
4345851e.wav,Saxophone,0.01355286780744791,1.7683249097899534e-05,0.007080037612468004,0.0026583485305309296,8.046341099543497e-05,0.006726017687469721,3.579516203444655e-07,0.9583760499954224,0.0013201277470216155,0.010188104584813118,Saxophone
5d4f8187.wav,Saxophone,0.00019593691104091704,0.0004499162023421377,0.008405919186770916,0.0016319449059665203,5.472756674862467e-05,0.0006513522239401937,9.286784461437492e-07,0.9882254600524902,0.000101655357866548,0.0002820595691446215,Saxophone
b83049f4.wav,Saxophone,6.198892515385523e-05,0.0001634548680158332,0.00035199327976442873,0.0010971324518322945,0.011390707455575466,4.2932777432724833e-05,5.765736545981781e-07,0.9867196679115295,2.732711254793685e-05,0.00014419225044548512,Saxophone
c1c3c8b9.wav,Saxophone,0.003778252750635147,5.734943187007957e-09,0.00027029181364923716,1.9132620820982993e-07,0.007033957168459892,0.0008627538336440921,2.172077249236893e-14,0.987981379032135,2.3508148205841906e-10,7.325466867769137e-05,Saxophone
78a86075.wav,Saxophone,0.0012776445364579558,0.00012386789603624493,0.02283194288611412,0.025568347424268723,0.00020856910850852728,0.0026929713785648346,2.706096893234644e-06,0.931492030620575,0.0001431063428753987,0.015658700838685036,Saxophone
f0d315bc.wav,Saxophone,9.997038432629779e-05,1.3968165148980916e-06,0.006428447086364031,0.019499419257044792,2.7827061899188266e-07,0.006178736221045256,1.6828458683448844e-05,0.9674049019813538,0.00010021444904850796,0.00026973753119818866,Saxophone
9c0838c1.wav,Saxophone,0.0030682929791510105,8.766448445385322e-06,0.0031927942764014006,0.004870329983532429,2.318914994248189e-05,0.030641812831163406,0.0002703269710764289,0.934241533279419,0.010768210515379906,0.012914865277707577,Saxophone
d6144e01.wav,Violin_or_fiddle,8.217486424655362e-07,3.2358095152992816e-14,1.1123483245611965e-09,0.03174307197332382,5.504524613897388e-10,0.00012250345025677234,0.03662358224391937,3.397507680347189e-05,3.5597906844486715e-06,0.9314724802970886,Violin_or_fiddle
cfb9c5fd.wav,Violin_or_fiddle,0.005337840411812067,0.037992313504219055,0.021959932520985603,0.011787923984229565,0.0025991140864789486,0.0024932376109063625,1.8371414398643537e-06,0.0013703231234103441,0.02428361587226391,0.8921738862991333,Violin_or_fiddle
c6865306.wav,Violin_or_fiddle,0.05409947782754898,1.9751625586650334e-05,0.05553852766752243,0.008717423304915428,0.00010012340499088168,0.007300443481653929,0.008228730410337448,0.039937425404787064,0.0042443727143108845,0.8218138217926025,Violin_or_fiddle
642aba58.wav,Violin_or_fiddle,0.012824398465454578,3.2267939786834177e-07,0.003957031294703484,0.0004354436241555959,4.189426908851601e-05,0.004678252153098583,1.141105987478852e-09,0.0020092586055397987,0.0005159319844096899,0.9755374789237976,Violin_or_fiddle
848faca3.wav,Violin_or_fiddle,1.8200573322246782e-05,0.000750017527025193,0.0008208677172660828,0.0012721866369247437,9.535656317893881e-06,0.0005290076951496303,3.4730152975726014e-08,4.19077041442506e-05,0.059038132429122925,0.9375201463699341,Violin_or_fiddle
7eb9dac0.wav,Violin_or_fiddle,0.013440597802400589,0.007292897440493107,0.01151413656771183,0.009645515121519566,0.001965536968782544,0.00961239542812109,0.01395325269550085,0.00041259246063418686,0.010081697255373001,0.9220812916755676,Violin_or_fiddle
8d7d7dba.wav,Violin_or_fiddle,0.011043797247111797,0.0016723339213058352,0.03174278140068054,0.0011798539198935032,0.0010215321090072393,0.0026142983697354794,1.6557727576582693e-05,0.023958556354045868,0.0006064469926059246,0.9261438846588135,Violin_or_fiddle
2424ad60.wav,Violin_or_fiddle,0.0005091609782539308,0.004756608512252569,0.01244939025491476,0.0026075078640133142,0.0007685910677537322,0.0147175882011652,0.00029940009699203074,0.027531035244464874,0.00018941685266327113,0.936171293258667,Violin_or_fiddle
ba648ac1.wav,Violin_or_fiddle,0.018918516114354134,0.0021866627503186464,0.002158382209017873,0.002774883760139346,7.647270103916526e-05,0.00047017514589242637,8.674870599634232e-09,0.0022849906235933304,0.008076280355453491,0.9630536437034607,Violin_or_fiddle
2e4a9850.wav,Violin_or_fiddle,2.3412791051669046e-05,1.596171586015771e-07,4.014483783976175e-05,9.739703091327101e-05,2.676188826100656e-09,0.0006359736435115337,0.02596444822847843,6.694325566058978e-05,1.8367451048106886e-05,0.9731531143188477,Violin_or_fiddle
2cc8683d.wav,Violin_or_fiddle,0.010116896592080593,0.014429478906095028,0.01744917407631874,0.000656018266454339,0.0010424951324239373,0.0011579961283132434,7.073690085235285e-06,0.0016103675588965416,0.0006533450214192271,0.9528772830963135,Violin_or_fiddle
7b6a119e.wav,Violin_or_fiddle,3.586722959880717e-05,3.6453613461162604e-07,0.0021106195636093616,0.0019250031327828765,1.1442486425039533e-07,0.23126274347305298,0.054136764258146286,0.00019758316921070218,1.458692076994339e-05,0.7103164196014404,Violin_or_fiddle
68589f79.wav,Violin_or_fiddle,0.010369347408413887,0.029969703406095505,0.006505205761641264,0.005966457538306713,0.0012529483065009117,0.00018194533186033368,3.994749775415585e-08,1.9630736005638028e-06,4.393141352920793e-05,0.9457085132598877,Violin_or_fiddle
fec00143.wav,Violin_or_fiddle,0.00015915727999527007,8.280857582576573e-05,0.0002381979866186157,0.0031762649305164814,1.284897393816209e-06,0.01779532991349697,6.659928430963191e-08,0.0009676867048256099,0.00012797971430700272,0.977451503276825,Violin_or_fiddle
1b24c166.wav,Violin_or_fiddle,0.021317515522241592,0.07053110003471375,0.05772387981414795,0.003530132118612528,0.006091127637773752,0.012495143339037895,0.0001552170724608004,0.006960446946322918,0.0002786745026241988,0.8209168910980225,Violin_or_fiddle
6eb59008.wav,Violin_or_fiddle,0.02648274600505829,3.124242401245092e-12,8.740234625292942e-05,0.01776966080069542,4.850818058343975e-08,0.0031191629823297262,6.503402971702599e-08,0.0004284911847207695,0.0002496864181011915,0.9518627524375916,Violin_or_fiddle
0e7cd4eb.wav,Violin_or_fiddle,0.032357458025217056,0.0010462214704602957,0.054648105055093765,0.0021044271998107433,0.004148564767092466,0.0002664196363184601,0.00063322827918455,0.0025433034170418978,0.008893542923033237,0.8933586478233337,Violin_or_fiddle
56e79c6f.wav,Violin_or_fiddle,0.018735216930508614,7.695508230654013e-09,0.016020525246858597,0.005252400878816843,6.81144729242078e-06,0.0194068793207407,0.05411193519830704,0.0065873838029801846,8.344493107870221e-05,0.8797954320907593,Violin_or_fiddle
cdc5fe8e.wav,Violin_or_fiddle,0.04177401587367058,2.318710721738171e-05,0.02136639691889286,0.01097781490534544,0.007384150754660368,0.12233825027942657,8.851564530232281e-07,0.047907937318086624,0.00309739843942225,0.7451300024986267,Violin_or_fiddle
b38409bb.wav,Violin_or_fiddle,1.2989381730221794e-06,4.466049752238632e-09,3.7576069189526606e-07,4.1359893657499924e-05,1.98792227124045e-09,2.9510688364098314e-06,7.095071055118751e-07,1.452043552063742e-08,6.455449329223484e-05,0.9998887777328491,Violin_or_fiddle
c8c117dc.wav,Violin_or_fiddle,0.013772203586995602,0.0049472046084702015,0.10939203202724457,0.0016338750720024109,0.0007109406869858503,0.0003429474891163409,3.0919245546101592e-06,0.02126496098935604,0.025147724896669388,0.8227850198745728,Violin_or_fiddle
b73c3595.wav,Violin_or_fiddle,0.00038286851486191154,4.0168726678224687e-10,6.3493201807318655e-09,0.009281601756811142,3.6128198210860774e-09,3.306986400275491e-06,4.65315608266792e-08,3.274416116028078e-08,2.655695061548613e-05,0.9903056025505066,Violin_or_fiddle
d84c8c43.wav,Violin_or_fiddle,0.0017186180921271443,0.03495305776596069,0.01515322457998991,0.0016230024630203843,0.004540400579571724,0.0001990214950637892,8.887853937267209e-07,3.75809395336546e-05,0.0009439527639187872,0.9408303499221802,Violin_or_fiddle
d914225a.wav,Violin_or_fiddle,0.003211747854948044,8.795084795565344e-06,0.016392933204770088,0.0004162285476922989,0.04535571485757828,0.0003725131682585925,1.1633613212325145e-05,0.03615661710500717,0.0002818392822518945,0.8977919816970825,Violin_or_fiddle
1148986e.wav,Violin_or_fiddle,0.05887894332408905,3.81405158123016e-07,0.034008439630270004,7.591527537442744e-05,7.607972656842321e-05,0.0002875649370253086,5.741642716827755e-09,0.0002375407493673265,0.018925346434116364,0.8875098824501038,Violin_or_fiddle
e3f479f3.wav,Violin_or_fiddle,0.018335238099098206,0.0002719606563914567,0.04664788767695427,0.005569272208958864,0.00012013500963803381,0.0024076916743069887,0.048815034329891205,0.023723768070340157,0.00041664799209684134,0.8536924719810486,Violin_or_fiddle
aab28420.wav,Violin_or_fiddle,0.0027147033251821995,0.03048575669527054,0.012837165966629982,0.0007948664715513587,0.0008521504350937903,5.091441562399268e-05,0.0001014969966490753,0.0004562382819131017,0.0012573512503877282,0.9504493474960327,Violin_or_fiddle
21346775.wav,Violin_or_fiddle,0.003793642856180668,0.0026646468322724104,0.06148562580347061,0.00017248562653549016,0.0021033219527453184,0.002558366162702441,3.1319132176577114e-07,0.009351016022264957,0.001545225502923131,0.9163253903388977,Violin_or_fiddle
cdeece57.wav,Violin_or_fiddle,0.00921058002859354,0.009009338915348053,0.004626323934644461,0.0003338070819154382,0.0009930537780746818,0.01153669971972704,2.0288414361857576e-06,0.02143353968858719,0.0004958059871569276,0.9423587322235107,Violin_or_fiddle
c9fb642d.wav,Violin_or_fiddle,0.010423950850963593,0.012799990363419056,0.006500230170786381,0.0028707855381071568,4.7723588068038225e-05,0.0008121032151393592,1.275601224648426e-08,0.005528121255338192,0.010828754864633083,0.9501883387565613,Violin_or_fiddle
078f7ac0.wav,Hi-hat,2.588196046371394e-10,2.520340602885085e-10,1.3717345037633777e-09,6.84174139564675e-09,9.047178978205395e-11,4.318886226428731e-08,0.9999987483024597,6.859559587013564e-09,2.2673269484130287e-08,1.117077090384555e-06,Hi-hat
e897db78.wav,Hi-hat,1.8313322414087452e-08,5.257377866385582e-10,2.6746240777697494e-09,4.113084983714543e-09,6.067800151221547e-10,1.2687764172625293e-09,0.9999998807907104,2.2073857498805527e-13,1.1466308791341362e-07,6.014775049550947e-12,Hi-hat
b31ed1fb.wav,Hi-hat,5.614072051685071e-07,2.5302169888163917e-06,1.3735064641196004e-08,2.4929573960719154e-09,4.2509192610395985e-08,3.295830310889869e-07,0.9880771040916443,4.1419564666966835e-08,0.011919333599507809,2.2689034651079965e-08,Hi-hat
06c48eab.wav,Hi-hat,3.539467434165999e-05,5.521416102105547e-10,4.049985236065368e-09,9.62654758041026e-06,1.528439708131657e-09,4.886474926024675e-06,0.9998396635055542,1.8369199494827626e-07,4.0779646042210516e-06,0.00010613010817905888,Hi-hat
2503aaa1.wav,Hi-hat,4.205063380835483e-11,2.63560766093629e-13,1.8476699337188762e-11,3.1923219623308796e-09,2.171677334489308e-12,2.942302512742856e-10,0.9999999403953552,1.1346917849763827e-09,2.3708319751847284e-09,5.879451236978639e-08,Hi-hat
3d3439f1.wav,Hi-hat,4.307472863729345e-06,1.3067075421702157e-08,8.299874565409482e-08,1.5841010281292256e-07,6.857749923483425e-09,1.306286776525667e-07,0.9999948740005493,3.6605896265584636e-13,4.906057711195899e-07,1.0867623641275248e-11,Hi-hat
34a90030.wav,Hi-hat,2.2183072045933727e-10,8.024336810253871e-14,1.04210529094928e-11,1.3581613611535204e-10,1.7783913447769195e-13,3.116771771227711e-11,1.0,1.7542552696939162e-12,1.3181307174231494e-12,1.0935795454955488e-12,Hi-hat
da4b0379.wav,Hi-hat,1.3646132401845534e-06,1.4050044764776781e-12,1.012800954214299e-10,7.425203507605005e-11,3.6686023142940005e-12,1.9280110841179976e-09,0.9999986886978149,2.299805311467562e-13,1.0697086549882329e-09,5.454322974177139e-13,Hi-hat
a090c45a.wav,Hi-hat,2.5856767837950656e-09,1.5146204603022628e-12,2.871581271379764e-11,1.9339224666126142e-11,3.517801718325164e-12,2.3725405320917936e-11,0.9999998211860657,2.679156106561169e-15,1.2707407393008907e-07,2.1721861776739099e-13,Hi-hat
41897c32.wav,Hi-hat,2.073356881737709e-07,3.768624301514478e-12,1.9071304535600575e-09,9.868051165540237e-06,2.1951596096414505e-09,6.8846359724261674e-09,0.9999896287918091,2.491532598014601e-07,2.7966859050820858e-08,6.62771837411924e-10,Hi-hat
2032be87.wav,Hi-hat,5.792461779327573e-13,2.4262189818519998e-14,2.6817964082076484e-12,4.801810615795432e-10,3.8204113267034656e-13,3.828877145894971e-11,1.0,1.0322011995134162e-10,2.4209161151450553e-12,1.5204568290169695e-12,Hi-hat
73677128.wav,Hi-hat,4.543165323112053e-12,1.991436800619778e-13,2.1069436126341934e-11,6.253725315374936e-10,1.0547414504291641e-11,3.21503136613277e-11,1.0,4.825021285292941e-11,9.732005479268224e-11,2.8060875845170585e-09,Hi-hat
c53a217e.wav,Hi-hat,1.83495449737614e-12,6.815618761642911e-14,3.1662018384719104e-13,1.022254017546409e-10,7.453785581378741e-14,4.534529435967771e-12,1.0,5.492387360889195e-12,1.0830588135319827e-13,1.3705617587025931e-12,Hi-hat
f0dfe343.wav,Hi-hat,2.055049012905652e-11,4.726152628975466e-12,1.8834676873691336e-10,4.872629233432235e-07,4.77988482128211e-12,2.1528909144308273e-07,0.9999980330467224,1.266983304049063e-06,5.222678955973947e-10,2.230987838913734e-09,Hi-hat
0ed06544.wav,Hi-hat,9.584591800781972e-12,1.1271545356144122e-13,2.2964009166459576e-12,6.016982467826892e-10,1.0016766333487831e-13,1.356180584499711e-10,1.0,4.269036860127251e-11,6.740423648919636e-13,1.3766777995360968e-10,Hi-hat
99c96a07.wav,Hi-hat,1.093517198569316e-06,4.185731540928828e-06,7.266525585691852e-07,4.1590524233470205e-06,1.6169022273970768e-05,1.4613198118240689e-06,0.9993442893028259,3.4990007419244407e-11,0.0006279636290855706,1.8562215098327783e-09,Hi-hat
3a3d0279.wav,Hi-hat,1.378452796352292e-09,4.767856641722974e-14,1.160182410211985e-12,1.8519431821406585e-10,2.6754718232546715e-12,1.685125454974068e-12,1.0,1.313125664324086e-16,1.6357715182380161e-10,1.3680301017370933e-15,Hi-hat
612702c3.wav,Hi-hat,1.0118762361344125e-07,2.1777692496560697e-12,1.199726873402085e-09,5.6328147479689505e-08,4.217672322504029e-10,1.812463246153584e-08,0.9999998211860657,7.21001391923437e-09,3.61421531591688e-10,2.6812101427964308e-09,Hi-hat
d6854eb4.wav,Hi-hat,0.0332132913172245,0.0003454432007856667,0.0010982017265632749,0.00024333366309292614,0.00012128327944083139,0.0017610167851671576,0.9454525113105774,0.01361854374408722,0.0003601022472139448,0.0037863871548324823,Hi-hat
52300f9b.wav,Hi-hat,3.117134371802277e-12,4.27447617232235e-12,2.1793445520446042e-11,2.0002026077103885e-11,2.7540631233891055e-11,2.809100174694379e-10,1.0,1.8585537275850328e-10,1.0445713183315775e-09,2.646078633983251e-10,Hi-hat
09a1cfd7.wav,Hi-hat,4.4086608141924444e-08,4.874138315180687e-10,9.425201730195454e-10,7.09106906526813e-09,2.262738885150384e-09,7.87405696200949e-10,0.9999999403953552,5.234116007231176e-15,3.338028520261105e-08,1.0675092537368314e-12,Hi-hat
3aafb6ad.wav,Hi-hat,2.379893793147403e-08,9.696450309348847e-10,3.7770293559447055e-09,1.8380342581281184e-08,1.606657029640246e-09,2.8827997766711633e-08,0.9999977350234985,3.6028684376188114e-12,2.1367006866057636e-06,3.9038070553942816e-08,Hi-hat
493c247b.wav,Hi-hat,1.2105152991104262e-10,3.093605233095431e-11,1.7639749383402403e-10,7.150949277168195e-10,5.6229007561192645e-11,2.7484168274583e-09,1.0,3.7278891085179566e-10,1.6650211209778831e-09,6.210606473544544e-10,Hi-hat
5ec7ad26.wav,Hi-hat,1.3187602121433883e-07,1.1387189802203324e-10,4.957109389636116e-09,7.016403458237619e-08,1.0084667823040405e-10,1.2601045540350242e-08,0.9999997615814209,2.7152296036558887e-11,6.664893703600683e-08,8.319429034564507e-10,Hi-hat
a1b369d7.wav,Hi-hat,1.4467601561207744e-09,9.507963128841182e-14,2.1927312396363696e-11,2.0614475459979076e-08,1.5452021606687794e-11,6.231234278564202e-12,1.0,4.662632432927971e-11,1.5734216707308235e-10,5.755770209406319e-13,Hi-hat
8cd809d3.wav,Hi-hat,2.44710083308064e-08,6.8865579905263985e-09,1.5964983779426234e-09,2.7487170317641585e-09,3.590186370416859e-09,6.233905480712565e-08,0.9999978542327881,1.7038619126719112e-10,2.0376380689413054e-06,1.2034132579330503e-09,Hi-hat
aed9d22f.wav,Hi-hat,2.973924662086347e-09,8.454583699801788e-10,3.77974096466005e-10,8.024827913288846e-09,2.4017381861085596e-08,4.7113864809489314e-08,0.9999998211860657,8.3192041699931e-08,3.56926790345824e-08,2.069873161758551e-09,Hi-hat
a7964699.wav,Hi-hat,8.232835246868575e-11,1.6874929188379073e-13,3.1560453035706093e-12,9.575150450302772e-09,3.4429539297678446e-13,1.8302249906593238e-12,1.0,5.904175802776135e-13,4.370115824769982e-09,9.60449601794533e-12,Hi-hat
da3f8050.wav,Hi-hat,2.110479568884216e-09,1.5799573871433381e-09,1.3172898327695748e-09,1.5228680467771483e-06,4.778515361181235e-10,6.096478273320827e-07,0.9999975562095642,2.6439084876983543e-07,8.346400015568634e-09,1.64790989742869e-08,Hi-hat
468f9c4c.wav,Hi-hat,5.936211891821586e-06,9.61347104748711e-05,0.00027905619936063886,9.61999649007339e-06,0.00013675692025572062,2.125212404280319e-06,0.9994668364524841,2.1013206605857704e-06,3.7343266967582167e-07,1.1566174862309708e-06,Hi-hat
229be2be.wav,Snare_drum,6.8764807110710535e-06,0.0001302838500123471,2.9842876756447367e-06,3.877804033436405e-08,4.237862412992399e-06,8.589047411078354e-07,0.0006436108960770071,4.837150680003788e-09,0.9992111921310425,1.4183608065820863e-08,Snare_drum
b6cbc6a9.wav,Snare_drum,3.680799181893235e-06,3.082999171510892e-07,1.781052461069521e-08,6.3570898545251e-10,1.2725752396303136e-10,7.287128482857952e-06,1.5648180351490737e-06,2.580477698188588e-08,0.9999871253967285,2.7075889974526035e-08,Snare_drum
ae7d1c37.wav,Snare_drum,0.010436230339109898,3.338915803396958e-06,0.0042370883747935295,0.00013871728151571006,7.074114364513662e-06,0.00015583324420731515,3.141566367048654e-07,0.027318410575389862,0.9534868001937866,0.004216414410620928,Snare_drum
82d4fb44.wav,Snare_drum,0.00029717173310928047,4.977047865395434e-05,6.0175279941176996e-05,4.012066057157426e-08,6.6932257141161244e-06,1.7403465335519286e-06,7.260765414685011e-06,7.987725985003635e-05,0.9587118029594421,0.04078562930226326,Snare_drum
4c590f69.wav,Snare_drum,0.0009237363119609654,7.241817002068274e-06,1.0401236977486406e-05,0.000982134835794568,3.707109863171354e-05,0.0012193990405648947,2.2355216060532257e-06,0.0002918194804806262,0.9964309334754944,9.498634608462453e-05,Snare_drum
1c9a423f.wav,Snare_drum,8.897806935692643e-08,3.5574565515616996e-10,3.075043423450552e-05,0.00030393581255339086,8.217320920933524e-12,0.0005828481516800821,1.337849369065225e-07,1.0584697065496584e-06,0.9978105425834656,0.0012705759145319462,Snare_drum
f0727eac.wav,Snare_drum,1.3098378381926068e-08,7.661604399800126e-07,2.874478988168505e-10,1.736947564945357e-11,2.0049739646310627e-11,3.706026916461269e-07,0.00022278180404100567,1.8252590550105197e-08,0.9997760653495789,2.15355342447765e-08,Snare_drum
31db8c5e.wav,Snare_drum,4.705437459051609e-05,5.890945331543662e-08,0.0007969691068865359,1.0242917596769985e-05,2.5136667318292893e-05,9.623310006645625e-07,1.825216783268857e-10,1.4324274388854974e-06,0.9988887310028076,0.00022934093431103975,Snare_drum
b86b5a96.wav,Snare_drum,1.2187227866888861e-06,6.319154408629402e-07,7.854831807208029e-08,4.931534292040851e-08,8.767369941153902e-09,2.5127901608357206e-06,2.0051852800406778e-07,2.1048098375331392e-08,0.9999951720237732,1.2599717535977106e-07,Snare_drum
6fca680b.wav,Snare_drum,0.003912034910172224,6.123509228928015e-05,0.00010854325228137895,0.005954846739768982,0.007684759330004454,4.7709108912386e-05,5.194813024189671e-09,0.0006762484554201365,0.9814251065254211,0.0001295412512263283,Snare_drum
1bc8eae1.wav,Snare_drum,0.0002825919073075056,2.6879171855398454e-05,8.547546713089105e-06,4.477591346585541e-07,0.00011858093057526276,6.910824595252052e-05,0.0009517030557617545,1.1447858014435042e-05,0.9985285997390747,2.145772668882273e-06,Snare_drum
46b52f97.wav,Snare_drum,2.521476574202097e-07,1.3158008016489475e-07,0.0005189619259908795,0.00015232063014991581,4.129876163272428e-10,0.000499717949423939,8.495645147377218e-07,0.0001236600655829534,0.9987015724182129,2.533884980948642e-06,Snare_drum
0c67f402.wav,Snare_drum,0.0013629264431074262,1.3793636810532917e-07,4.0719666571931157e-07,8.887100557330996e-05,3.549196776475583e-07,0.0001165159119409509,2.5993172059202152e-08,4.151671646468458e-07,0.9984126091003418,1.79518337972695e-05,Snare_drum
c8ecbbfd.wav,Snare_drum,6.502143151010387e-06,6.111647235229611e-05,6.353110393320094e-08,8.044548303587362e-05,0.0008989761117845774,0.00020190620853099972,0.00045239320024847984,0.00010294737876392901,0.998150110244751,4.5514058001572266e-05,Snare_drum
9f84ea5a.wav,Snare_drum,0.04890073835849762,2.444227265030463e-09,0.04230733588337898,0.00041877408511936665,0.07483933120965958,9.181181667372584e-06,1.2462343657038133e-10,2.9025877665844746e-05,0.833252489566803,0.00024310685694217682,Snare_drum
e4958adc.wav,Snare_drum,4.963381456946081e-07,6.411030994968314e-08,0.00012705364497378469,0.00021394825307652354,1.1278266356384847e-06,2.1665800886694342e-07,2.430770862371645e-12,3.1785336318534974e-07,0.9995697140693665,8.71043375809677e-05,Snare_drum
5ce40b1b.wav,Snare_drum,1.690832868916914e-05,4.305408765503671e-06,1.106501258618664e-05,7.159977855053512e-08,1.010545474855462e-06,7.370041998910892e-07,5.065649943958306e-08,8.495562155985681e-07,0.9999650120735168,1.0935628402819475e-08,Snare_drum
9d308738.wav,Snare_drum,2.238577053503832e-06,1.209144465974532e-05,4.435474068031908e-07,1.603120480808684e-08,9.838390546690334e-09,5.4952917707851157e-05,0.00032487852149643004,2.2433434878621483e-06,0.9995967149734497,6.4017463046184275e-06,Snare_drum
1e3391d5.wav,Snare_drum,0.0003348903846926987,6.899365985191253e-07,3.8535508792847395e-05,0.017055097967386246,1.8962540480060852e-06,3.7945169424347114e-06,1.7668779850668614e-12,0.002032363787293434,0.9804563522338867,7.641931006219238e-05,Snare_drum
ff3f21e7.wav,Snare_drum,1.9359013094799593e-05,3.639985095560405e-07,3.893003304256126e-05,3.4497024898882955e-06,9.785751098334572e-10,9.376336151944997e-07,4.727315427999201e-09,0.00019542656082194299,0.9916906356811523,0.008050939068198204,Snare_drum
b68f10af.wav,Snare_drum,0.030700255185365677,5.554010203923099e-05,7.402330811601132e-05,0.00035712309181690216,0.00015743386757094413,0.0010177090298384428,0.0001656155800446868,0.0003977459273301065,0.9670432806015015,3.1266936275642365e-05,Snare_drum
e8e00924.wav,Snare_drum,0.0032790587283670902,1.5096064771569218e-06,1.5485776430068654e-06,3.617390575527679e-06,3.0479259294224903e-07,0.0009945585625246167,2.194752414652612e-05,1.9722430806723423e-05,0.9956759214401245,1.7917884633789072e-06,Snare_drum
22e1c02c.wav,Snare_drum,7.371625656560354e-07,3.6446355267116815e-08,2.7803744160337374e-06,6.062751708668657e-06,2.396205616150837e-07,3.5915500120609067e-06,5.2115632342975e-07,1.1832353408181007e-07,0.9999759197235107,9.946059435606003e-06,Snare_drum
5c33d972.wav,Snare_drum,0.11200020462274551,0.0366840586066246,0.04364178702235222,0.0018859049305319786,0.014849027618765831,0.00025617858045734465,1.421089336872683e-06,1.0521277545194607e-05,0.6882522702217102,0.1024186760187149,Snare_drum
9320c55f.wav,Snare_drum,0.00021985270723234862,0.00010460455814609304,0.0004678882542066276,2.5264839678129647e-06,2.315356323379092e-05,6.545292853843421e-05,1.3461039998219348e-06,4.4100928789703175e-05,0.9988480806350708,0.00022305305174086243,Snare_drum
f1754aea.wav,Snare_drum,0.004228095058351755,0.01033481303602457,8.151579095283523e-05,1.2261344636499416e-05,0.0006806576275266707,5.298538599163294e-05,0.00016732262156438082,1.4466834841186937e-07,0.9844422340393066,2.045935643124608e-09,Snare_drum
b218444c.wav,Snare_drum,0.029947934672236443,1.429867495517101e-07,0.003679499728605151,0.015061063691973686,9.665151446824893e-05,0.0012838424881920218,2.672748022902738e-09,0.0016736778197810054,0.9132656455039978,0.03499152511358261,Snare_drum
36d06cc0.wav,Snare_drum,0.00020793502335436642,3.6900388994398625e-11,8.507811122271391e-10,2.388472921666107e-07,7.360809184397965e-10,1.0694208185668685e-07,1.669521738433368e-15,5.1875802455469966e-05,0.9997396469116211,1.8858358430406952e-07,Snare_drum
4c4d4797.wav,Snare_drum,0.012445970438420773,3.634305301147833e-07,1.1376608881619177e-06,0.012020875699818134,5.87082183756138e-07,0.0021836867090314627,1.1637749821602483e-06,0.0027723570819944143,0.9672245383262634,0.003349349135532975,Snare_drum
cae0d841.wav,Snare_drum,2.353747504457715e-06,1.1207302463844826e-07,2.7262236471869983e-05,0.0010893455473706126,1.515837629029182e-11,0.0004138041113037616,2.693294902655907e-07,3.2156831366592087e-06,0.9982797503471375,0.00018379336688667536,Snare_drum
17f82c05.wav,Acoustic_guitar,0.6325777173042297,0.005181193817406893,0.15412360429763794,0.0006339108222164214,0.1805882453918457,0.0006528387893922627,8.920823688640667e-07,0.0027517869602888823,0.001871411339379847,0.02161824144423008,Acoustic_guitar
0eeaebcb.wav,Acoustic_guitar,0.9985733032226562,3.111998159166518e-10,0.00010528480925131589,1.272402278118534e-05,9.728830264066346e-06,0.0012834754306823015,9.304050863079283e-09,1.2231219443492591e-05,2.0012398636026774e-06,1.3244737147033447e-06,Acoustic_guitar
e92bf0fa.wav,Acoustic_guitar,0.9912485480308533,2.1906124914039538e-08,0.0014071868499740958,5.548995250137523e-05,0.0005909873871132731,0.004988225642591715,3.1823532697927703e-10,6.252656748984009e-05,2.1216081336206116e-07,0.001646912656724453,Acoustic_guitar
10da16fb.wav,Acoustic_guitar,0.962016761302948,1.6539125908821006e-06,0.0013898275792598724,0.019946029409766197,0.00013428776583168656,0.01452812273055315,1.5538930142611207e-09,8.606135088484734e-05,2.098057302646339e-05,0.001876196009106934,Acoustic_guitar
a25423a8.wav,Acoustic_guitar,0.9428397417068481,3.7177916965447366e-05,0.008058445528149605,0.0005019328091293573,0.036721423268318176,0.0016002797055989504,1.1219773199400151e-07,0.007125945761799812,0.00011113948130514473,0.003003799356520176,Acoustic_guitar
16c9a838.wav,Acoustic_guitar,0.9421128034591675,6.242815402401902e-07,0.0032842252403497696,0.0324922576546669,1.4112757526163477e-05,0.009633631445467472,3.7959317467084475e-08,0.001291826250962913,9.057669558387715e-06,0.011161372996866703,Acoustic_guitar
70ca9c77.wav,Acoustic_guitar,0.9167680144309998,1.2062633913956233e-07,0.007083301432430744,0.011188295669853687,0.043868549168109894,0.009313848800957203,5.541275527320977e-08,0.0002487509627826512,0.011525928042829037,3.0332571441249456e-06,Acoustic_guitar
38216fad.wav,Acoustic_guitar,0.9882815480232239,0.0007072304142639041,0.007579002995043993,1.0046647730632685e-05,0.001979056978598237,0.00042320843203924596,4.710873895419354e-07,0.000577116385102272,3.148421455989592e-05,0.0004107084823772311,Acoustic_guitar
d8a257e5.wav,Acoustic_guitar,0.9516626000404358,0.007973836734890938,0.016601426526904106,0.0006073989789001644,0.013752985745668411,0.0006379153346642852,2.7211700626139645e-07,0.0008916984079405665,0.00140748405829072,0.006464491132646799,Acoustic_guitar
7506dcc4.wav,Acoustic_guitar,0.9136436581611633,4.442883005939535e-10,1.3899723398935748e-06,0.08469955623149872,9.097583824768662e-05,6.185391248436645e-05,4.7988613083305154e-11,0.0014726980589330196,4.803716251444712e-07,2.9392902433755808e-05,Acoustic_guitar
a6728901.wav,Acoustic_guitar,0.9998182058334351,1.0109830750337778e-09,3.49013862432912e-06,1.9492836145218462e-05,6.437335741793504e-06,0.00014905771240592003,1.2154623973970047e-08,1.0667615413240128e-07,1.341493316431297e-06,1.8195538586951443e-06,Acoustic_guitar
b88322f6.wav,Acoustic_guitar,0.9730198383331299,0.003802493680268526,0.010887247510254383,2.687369033083087e-06,0.0032926842104643583,0.00010297890548827127,6.132126628699552e-08,0.007856262847781181,0.00022545050887856632,0.0008102119318209589,Acoustic_guitar
35039ae1.wav,Acoustic_guitar,0.9973426461219788,1.4291487786977086e-05,0.001865849830210209,4.5161326056586404e-07,0.00017215685511473566,0.0004372319090180099,1.9262263322161743e-06,0.00010616615327307954,1.0323995411454234e-05,4.9031656089937314e-05,Acoustic_guitar
236cbab1.wav,Acoustic_guitar,0.9598680734634399,0.001746028778143227,0.011463338509202003,0.010365423746407032,0.003045997116714716,0.0005551624926738441,3.733781340997666e-06,4.698301199823618e-05,0.01286142598837614,4.380427344585769e-05,Acoustic_guitar
0356dec7.wav,Acoustic_guitar,0.9305993914604187,0.006651176139712334,0.013785711489617825,3.08743619825691e-05,0.00015485644689761102,0.001046817167662084,1.9133774912916124e-05,0.022534562274813652,0.01496604923158884,0.010211523622274399,Acoustic_guitar
bb1f5874.wav,Acoustic_guitar,0.9790793061256409,4.807534878636943e-06,0.0037416857667267323,0.008098982274532318,0.0011527957394719124,0.005748992320150137,8.941356099967379e-08,0.0017132214270532131,0.00040262495167553425,5.74018522456754e-05,Acoustic_guitar
34747922.wav,Acoustic_guitar,0.9925853610038757,3.236326620026375e-06,9.793235949473456e-05,1.904686723719351e-05,3.5657408261613455e-06,0.00034232193138450384,0.0012923080939799547,0.0010512137087062001,2.3704378691036254e-05,0.004581261891871691,Acoustic_guitar
44fb3eeb.wav,Acoustic_guitar,0.9755072593688965,8.418387764663748e-09,0.02222866378724575,4.659303886000998e-05,0.0003587503160815686,0.0003511319519020617,1.2956767820107573e-12,0.0012701863888651133,1.0460208841323038e-06,0.0002364263782510534,Acoustic_guitar
367ad7b1.wav,Acoustic_guitar,0.8797301650047302,5.040850510340533e-07,0.0070972321555018425,0.0005286672967486084,0.08070795238018036,1.4283838027040474e-05,3.3291440715288445e-09,0.013251226395368576,0.013773245736956596,0.004896682687103748,Acoustic_guitar
160c92d7.wav,Acoustic_guitar,0.9554482102394104,1.1467953253685437e-09,0.0034401181619614363,0.0010620467364788055,3.495254574659157e-08,0.029207395389676094,3.4728068944861468e-12,0.001128958072513342,9.257460078515578e-06,0.009704054333269596,Acoustic_guitar
2016d256.wav,Acoustic_guitar,0.902591347694397,8.083861705032724e-12,9.005101020420625e-08,0.0971895158290863,3.508976760713267e-06,3.330767140141688e-05,4.765762268057593e-15,0.00018084314069710672,6.367609772794935e-10,1.43965803545143e-06,Acoustic_guitar
fc55d588.wav,Acoustic_guitar,0.9476484060287476,1.199657759798356e-07,0.04522734880447388,0.00033620811882428825,0.0036821060348302126,0.0018318998627364635,2.3443444963078264e-09,0.00042735348688438535,0.0007700467831455171,7.648301834706217e-05,Acoustic_guitar
c7846d27.wav,Acoustic_guitar,0.9558371901512146,1.8702521753510837e-09,0.00024181748449336737,7.287877679118537e-07,6.42675104245427e-08,0.00014406495029106736,2.69136689894367e-05,2.7667536414810456e-05,1.8061385276268993e-08,0.04372173175215721,Acoustic_guitar
55822aae.wav,Acoustic_guitar,0.986653208732605,1.76313612598733e-08,0.00015328747394960374,0.0001126616116380319,0.00016882097406778485,0.0011107227765023708,5.861543694862803e-09,7.597415788040962e-06,0.011793750338256359,2.772075369250615e-08,Acoustic_guitar
9923ddf8.wav,Acoustic_guitar,0.999952495098114,3.579605117674404e-21,6.897377807790761e-11,4.447794708539732e-05,2.782447050542203e-10,2.751526153588202e-06,3.597021768983466e-12,3.073934635722253e-07,5.011709450220003e-11,2.0119019783493286e-09,Acoustic_guitar
32dee61b.wav,Acoustic_guitar,0.8896529078483582,0.043057333678007126,0.03578237071633339,0.0003700146626215428,0.02106037363409996,0.00040756852831691504,9.727978067530785e-07,0.00022541644284501672,9.356463851872832e-05,0.00934937596321106,Acoustic_guitar
fa4d4a92.wav,Acoustic_guitar,0.8937059044837952,2.9112110055962148e-08,0.010092397220432758,0.00020930037135258317,0.09407325834035873,4.309169889893383e-05,3.7485212850407734e-11,1.7150735942550455e-08,0.0018760270904749632,1.0173495379461883e-09,Acoustic_guitar
8da75280.wav,Acoustic_guitar,0.8742327690124512,1.2222442080656037e-07,0.009090724401175976,0.005301835015416145,0.10989875346422195,7.739139982732013e-05,3.3744369520860573e-09,0.0008932578493840992,0.0004903352819383144,1.488183352194028e-05,Acoustic_guitar
b2261238.wav,Acoustic_guitar,0.9748091697692871,3.1914726417170414e-09,0.0004919382045045495,0.00022550357971340418,1.1223508408875205e-05,0.0008899223175831139,1.8216100627910237e-08,0.008726957254111767,0.014824296347796917,2.101854988723062e-05,Acoustic_guitar
673defaf.wav,Acoustic_guitar,0.9997671246528625,7.111201211218443e-11,9.554989810567349e-05,4.918989588986733e-07,1.3646612728734908e-09,2.4631777705508284e-05,3.6561099742322967e-14,9.201061766361818e-05,3.999323325842852e-07,1.9748029444599524e-05,Acoustic_guitar
e6597186.wav,Double_bass,0.3803633451461792,1.8877015506291173e-08,0.006829849444329739,9.86355917120818e-06,0.6125408411026001,3.627448677434586e-06,1.5596664584838216e-11,6.913883794368303e-07,0.0002486016892362386,3.1969759675121168e-06,Double_bass
fcfafbc8.wav,Double_bass,0.024009784683585167,2.038508864643518e-05,0.0013929912820458412,4.4828466343460605e-05,0.9708181023597717,2.5034304940163565e-07,3.9464414375300905e-11,1.963983820019166e-08,0.0037135148886591196,1.9299987741305813e-07,Double_bass
444f9db5.wav,Double_bass,0.009116020984947681,5.990610247863515e-07,0.00045290746493265033,1.531140151200816e-05,0.8882644772529602,0.00022061221534386277,4.9002405830833595e-06,0.1007772833108902,0.0001171023614006117,0.0010308425407856703,Double_bass
19893aa8.wav,Double_bass,0.025328146293759346,0.06535697728395462,0.007668031379580498,0.00011276365694357082,0.8997146487236023,0.0001841174380388111,2.101830432366114e-06,5.724567699871841e-07,0.0005365352262742817,0.0010961180087178946,Double_bass
f042282c.wav,Double_bass,0.03063342347741127,0.02495114877820015,0.04267102852463722,0.036626528948545456,0.8489392995834351,0.00869808904826641,6.955364710847789e-07,4.13754241890274e-05,0.0006094758282415569,0.006828899495303631,Double_bass
95e1d0ae.wav,Double_bass,0.03156872093677521,0.0018832240020856261,0.015014962293207645,9.666926052886993e-05,0.9507102966308594,2.4096186734823277e-06,7.015219516404159e-09,2.7093642529507633e-07,0.0007231647032313049,3.598239288749028e-07,Double_bass
595c191d.wav,Double_bass,0.03152985870838165,5.0778311560861766e-05,0.0034018768928945065,8.772779256105423e-05,0.9531964659690857,6.595568993361667e-05,4.375845519266619e-10,0.011346127837896347,8.813449676381424e-05,0.00023291456454899162,Double_bass
8073923c.wav,Double_bass,0.42714688181877136,5.919123395869974e-07,0.06320054084062576,0.0008540460257790983,0.5069929957389832,0.00011291823466308415,9.754784757731727e-10,2.0594709440047154e-06,0.0016889802645891905,9.232553566107526e-07,Double_bass
6efbaf90.wav,Double_bass,0.0032568592578172684,0.00014144268061500043,0.007599285803735256,9.253823009203188e-06,0.9878778457641602,1.090056321118027e-05,2.802273229463026e-06,3.3314263419015333e-06,0.0010679259430617094,3.0382299883058295e-05,Double_bass
642ad7e4.wav,Double_bass,0.08073078095912933,4.498958878684789e-05,0.00927628856152296,4.879200059804134e-05,0.9097644090652466,4.2605162889230996e-05,1.0246107295941442e-09,7.304600785573712e-06,7.963230746099725e-05,5.212366431806004e-06,Double_bass
5eadbc6d.wav,Double_bass,0.24429474771022797,0.0008571018115617335,0.004853195045143366,0.001944265328347683,0.7032178640365601,0.003971573896706104,1.365012849419145e-06,3.43808569596149e-05,0.00010283417941536754,0.04072266444563866,Double_bass
1a7d3f2d.wav,Double_bass,0.23097838461399078,1.9932938357669627e-06,0.08986163884401321,2.162564305763226e-05,0.6752746105194092,4.7900198296702e-06,2.46200726472523e-10,1.37715926484816e-06,0.0038423417136073112,1.3334141840459779e-05,Double_bass
13da16ae.wav,Double_bass,0.0063477735966444016,3.160902269883081e-05,3.101087349932641e-05,0.0003642146475613117,0.9928653836250305,1.2745977983286139e-05,1.0321407062363619e-09,1.614786384607214e-07,0.0003236949851270765,2.3405998945236206e-05,Double_bass
103f29e5.wav,Double_bass,0.008998177014291286,1.8087915805153898e-06,0.0003867518971674144,0.0005096147651784122,0.9893487691879272,0.00012255548790562898,2.3916194545614555e-12,0.00039136980194598436,1.350230263597041e-06,0.00023960831458680332,Double_bass
da8ea649.wav,Double_bass,0.03656968101859093,0.0017584929009899497,0.004097215365618467,1.8105280105373822e-05,0.9539339542388916,5.454013262351509e-06,1.0714784615117878e-09,1.2595926364156185e-06,0.003604151075705886,1.166774018201977e-05,Double_bass
ca348cbb.wav,Double_bass,0.03982188552618027,2.0228185348969419e-07,0.003183255670592189,1.9937779143219814e-06,0.9568681716918945,1.7933795106728212e-06,1.481607024567122e-11,1.4937230119471678e-08,0.00012276970664970577,1.267945304306295e-08,Double_bass
8ce2e863.wav,Double_bass,0.00020207674242556095,0.0004021799541078508,5.0333041144767776e-05,5.57231942366343e-06,0.9993394017219543,4.379408267141116e-07,3.179096222383215e-11,4.061661423859775e-11,3.894281164207314e-08,1.311655090097119e-10,Double_bass
462b676f.wav,Double_bass,0.060169607400894165,0.0206422321498394,0.019330954179167747,0.0038098215591162443,0.8202664852142334,0.0019463096978142858,1.0521865156931653e-08,0.0054282546043396,0.0448552630841732,0.023550909012556076,Double_bass
b428466c.wav,Double_bass,0.017486512660980225,0.003928909078240395,0.003012729110196233,2.5074452878470765e-06,0.9755446314811707,4.2465844671824016e-06,1.756229295324374e-08,6.203410521266051e-06,4.760831586736458e-07,1.3772768397757318e-05,Double_bass
4fd883bb.wav,Double_bass,0.28699731826782227,8.67653415781433e-09,0.0009770420147106051,0.02831006608903408,0.6833041310310364,0.0003788775356952101,2.752852112930526e-11,9.991454774649355e-09,3.251263115089387e-05,8.244849802885312e-10,Double_bass
2ac8b94f.wav,Double_bass,0.002093351911753416,0.0011285801883786917,0.017006678506731987,0.0006987344822846353,0.9751168489456177,0.003069208934903145,7.700097739871126e-06,0.0001114212500397116,0.00016940491332206875,0.0005980715504847467,Double_bass
c840804f.wav,Double_bass,0.013463114388287067,0.0014781559584662318,0.026811275631189346,1.807321677915752e-05,0.9581249952316284,8.437941687589046e-06,2.0705385850305902e-08,7.697296496189665e-06,1.695910941634793e-05,7.120481313904747e-05,Double_bass
f63f3703.wav,Double_bass,0.007818970829248428,0.008506430312991142,0.005612902343273163,7.141415699152276e-05,0.9747059941291809,3.4226293792016804e-05,4.709445722284045e-09,1.0857421557375346e-06,2.0702580513898283e-05,0.0032284415792673826,Double_bass
c0ddf010.wav,Double_bass,0.08042465895414352,0.017814161255955696,0.005159967578947544,0.0002911813207902014,0.8921692967414856,0.00017519935499876738,1.3191511527566036e-07,1.128618805523729e-05,0.0006225755205377936,0.0033316484186798334,Double_bass
a0cbe92e.wav,Double_bass,0.024836869910359383,0.05689447745680809,0.003197123995050788,0.0008296212763525546,0.9130647778511047,0.0001151978867710568,2.015631616814062e-05,1.5948093334827718e-07,0.0010338501306250691,7.854240720917005e-06,Double_bass
4fb480bf.wav,Double_bass,0.01020219549536705,0.22711342573165894,0.03614266589283943,0.00013619460514746606,0.7257153391838074,0.00014843104872852564,7.330510243264143e-07,1.2965467703907052e-06,0.00041659700218588114,0.00012315719504840672,Double_bass
9dd0141c.wav,Double_bass,0.029302723705768585,8.243326306001109e-07,0.07082024961709976,0.0003214093158021569,0.8488965034484863,0.02696181647479534,7.656295153424253e-09,0.0006055475096218288,0.010596424341201782,0.012494541704654694,Double_bass
deb87700.wav,Double_bass,0.002619409002363682,0.037099018692970276,0.008812250569462776,0.0716475322842598,0.8187065720558167,0.019196219742298126,2.954129456611554e-07,0.04122187942266464,0.0005906842998228967,0.00010615619248710573,Double_bass
e0ecd1a6.wav,Double_bass,0.15179526805877686,2.8485953862400493e-07,0.047688793390989304,0.01637592352926731,0.7797148823738098,7.256702519953251e-05,1.3041644431055488e-09,1.2900934962090105e-05,0.0035257998388260603,0.0008135620737448335,Double_bass
0286fc27.wav,Double_bass,0.07877352833747864,0.026127131655812263,0.0051580206491053104,0.00020943008712492883,0.8881698250770569,0.0002994741662405431,2.6640881856110354e-07,2.8951149943168275e-05,0.0006763559649698436,0.0005570488865487278,Double_bass
e2d993ec.wav,Cello,0.03789461776614189,0.001471398863941431,0.8830704092979431,0.0039403121918439865,0.03357166051864624,0.0030394368804991245,8.270394027931616e-05,0.003704807488247752,0.008274673484265804,0.02495018020272255,Cello
0091fc7f.wav,Cello,0.04123033955693245,0.005910583771765232,0.8235462307929993,0.035104088485240936,0.021171871572732925,0.03012525662779808,3.7224839616101235e-05,0.016314618289470673,0.004342291038483381,0.022217418998479843,Cello
e55c5160.wav,Cello,0.04647836834192276,0.00025380600709468126,0.8862969875335693,0.009786630049347878,0.00017191517690662295,0.01906498707830906,1.0887411917792633e-05,0.020068136975169182,0.004222567193210125,0.013645635917782784,Cello
a59b5a08.wav,Cello,0.031240109354257584,0.07478048652410507,0.8544417023658752,0.000876750098541379,0.029691778123378754,0.00012483242608141154,8.177965469258197e-07,1.0566701348579954e-05,0.00117880676407367,0.007654272485524416,Cello
88500b88.wav,Cello,0.008749560452997684,0.001697302213869989,0.9459529519081116,0.0003142048662994057,0.0009497818537056446,0.0037215929478406906,9.407037850905908e-07,0.03343567997217178,0.00017323298379778862,0.00500459736213088,Cello
743ae0f9.wav,Cello,0.0639885663986206,0.050457894802093506,0.6495544910430908,0.0012277379864826798,0.21816378831863403,0.001153219141997397,4.6846703298797365e-06,0.0027001099660992622,0.0003740283427760005,0.012375383637845516,Cello
9e3bc1b6.wav,Cello,0.043218616396188736,5.118593435327057e-06,0.9233161807060242,0.0009513644617982209,0.0169470626860857,0.001397593761794269,1.3207007896198775e-06,0.005552171263843775,0.008586319163441658,2.412059620837681e-05,Cello
3e2bddda.wav,Cello,0.0043927934020757675,0.00046468962682411075,0.8734040856361389,0.0012500904267653823,0.0001901409268612042,0.004145381040871143,0.002465604804456234,0.019208580255508423,0.04626645892858505,0.04821207746863365,Cello
d328db67.wav,Cello,0.0028830007649958134,0.0012134788557887077,0.9523838758468628,0.00020973120990674943,0.0009708626312203705,0.0003508610825520009,0.0008555728127248585,0.0022174480836838484,0.03881921246647835,9.604912338545546e-05,Cello
7d896090.wav,Cello,0.06545320153236389,0.00010063595254905522,0.7976647019386292,0.009364907629787922,0.019343478605151176,0.01251188199967146,8.495464498992078e-06,0.07731258869171143,0.005871002562344074,0.012369113974273205,Cello
4bff8f32.wav,Cello,0.05436316132545471,0.00027070014039054513,0.8150208592414856,0.0005475105135701597,0.12857043743133545,0.0011652229586616158,8.462119893692943e-08,1.3174206287658308e-05,3.454227771726437e-05,1.4158458725432865e-05,Cello
5e5bca7a.wav,Cello,0.0436493381857872,0.05145036429166794,0.8707178831100464,0.0013730988139286637,0.011111467145383358,0.0007202484994195402,9.189713523483078e-07,0.00013086370017845184,0.001385536859743297,0.019460298120975494,Cello
811bf309.wav,Cello,0.02498476207256317,0.017174655571579933,0.9080596566200256,0.00021012115757912397,0.009800481610000134,0.0010878063039854169,3.348660538904369e-05,0.005218696314841509,0.006893008016049862,0.026537323370575905,Cello
5689818f.wav,Cello,0.030392847955226898,0.01900319568812847,0.8532694578170776,0.00030240369960665703,0.04668937623500824,0.0009113249252550304,0.00016010503168217838,0.0044086407870054245,0.0027046927716583014,0.04215790703892708,Cello
81d9f077.wav,Cello,0.04101230576634407,3.417977859498933e-05,0.8491953611373901,0.008024533279240131,0.08724477142095566,0.002956177806481719,1.9727633571164915e-06,0.011194178834557533,4.532677121460438e-05,0.0002910699986387044,Cello
00353774.wav,Cello,0.017804041504859924,0.0035063240211457014,0.9052776098251343,0.001792612485587597,0.0007920134230516851,0.016536923125386238,0.030203454196453094,0.004835148341953754,0.013580357655882835,0.005671502556651831,Cello
6a210ffa.wav,Cello,0.055995117872953415,0.0007226032903417945,0.729058563709259,0.0015355921350419521,0.20887717604637146,0.0015325095737352967,2.1350938368414063e-06,0.00030873221112415195,0.0016274233348667622,0.0003402711299713701,Cello
e97d9707.wav,Cello,0.0423528216779232,0.020464250817894936,0.9018179774284363,0.0019434760324656963,0.016485923901200294,0.0019389073131605983,7.1657768785371445e-06,0.004059744067490101,0.0027759515214711428,0.008153787814080715,Cello
238b16a5.wav,Cello,0.060372378677129745,5.325273946255038e-07,0.6862055063247681,7.270202331710607e-05,0.2514239251613617,0.0007366837235167623,2.3542391147657327e-07,0.00020036229398101568,0.0009300260571762919,5.766929461969994e-05,Cello
dc5be9d7.wav,Cello,0.01877664029598236,3.885093974531628e-05,0.9338231086730957,0.001813019858673215,0.03785660117864609,0.00076162104960531,3.472995615538821e-07,3.300603202660568e-05,0.0006066117202863097,0.006290337070822716,Cello
f9653de8.wav,Cello,0.03727157786488533,0.028723465278744698,0.7145238518714905,0.0002847076393663883,0.20173399150371552,0.0002901157131418586,2.749302984739188e-05,3.6341880331747234e-05,0.00020889601728413254,0.01689961552619934,Cello
31dbc5c0.wav,Cello,0.040229883044958115,0.001660255598835647,0.8120354413986206,0.0071782213635742664,0.01988726481795311,0.030509786680340767,4.510055077844299e-06,0.010258139111101627,0.00039851086330600083,0.0778379887342453,Cello
cbc8d551.wav,Cello,0.014855630695819855,0.06343790888786316,0.8596088886260986,0.0012367559829726815,0.026640230789780617,0.0027040094137191772,2.343039341212716e-05,0.014826767146587372,0.009031053632497787,0.007635295856744051,Cello
195f544d.wav,Cello,0.014256487600505352,0.013137898407876492,0.8517524003982544,0.0006517699803225696,0.03291378170251846,0.012098131701350212,0.009731321595609188,0.01712687499821186,0.0025981515645980835,0.04573330655694008,Cello
22bea889.wav,Cello,0.18784688413143158,2.6128494937438518e-05,0.7059198617935181,0.0024748523719608784,0.10185588151216507,0.000551943841855973,7.533837020901046e-08,0.00012064063776051626,0.0010993436444550753,0.00010437616583658382,Cello
ab8e8ae3.wav,Cello,0.021435238420963287,9.634063462726772e-05,0.9433788657188416,0.0015146792866289616,0.02292558178305626,0.0042245411314070225,0.0017977035604417324,0.0026132913772016764,0.0011481906985864043,0.0008656079298816621,Cello
e70c41d4.wav,Cello,0.011100612580776215,1.5669277786400926e-07,0.9015841484069824,0.010308296419680119,2.0605282315955264e-06,0.00883540790528059,2.7159779847352183e-07,0.0593041256070137,6.902164841449121e-06,0.00885826162993908,Cello
125e6ccf.wav,Cello,0.01979667693376541,0.00010441695485496894,0.9645839929580688,6.639583443757147e-05,0.00013985272380523384,3.606850668802508e-06,8.753635682978711e-08,1.0133985597349238e-05,0.011989478021860123,0.0033053781371563673,Cello
2da9e12a.wav,Cello,0.05830591544508934,0.0016825696220621467,0.8523613214492798,0.003540958510711789,0.07537062466144562,0.0045332773588597775,0.00017522298730909824,0.0025384975597262383,0.00039931072387844324,0.0010923445224761963,Cello
34e4d187.wav,Cello,0.04236643388867378,0.018501225858926773,0.7152766585350037,0.0024709394201636314,0.19822245836257935,0.006708043627440929,0.00015754502965137362,0.00793122872710228,0.0005510242190212011,0.007814396172761917,Cello
52e54bdd.wav,Bass_drum,0.09605882316827774,0.6352269053459167,0.13787171244621277,0.0007335101836360991,0.12733477354049683,0.00031564690289087594,2.1418607047962723e-06,9.932677494361997e-05,0.0013178458902984858,0.0010393221164122224,Bass_drum
6d21ad67.wav,Bass_drum,0.0022638551890850067,0.8913601040840149,0.10037799179553986,0.00012058545689797029,0.005033400375396013,0.0005503883003257215,9.816614692681469e-06,5.440128916234244e-06,0.0002746296231634915,3.781187160711852e-06,Bass_drum
ca3f3698.wav,Bass_drum,0.0005064788856543601,0.9945039749145508,1.6350184523616917e-05,1.9370324935152894e-06,0.0049397628754377365,5.63698677069624e-07,9.517795440672217e-10,2.540472223699908e-07,1.9463134037778218e-07,3.054038461414166e-05,Bass_drum
aa9ae956.wav,Bass_drum,2.309704177605454e-05,0.9986931681632996,6.851869693491608e-05,2.549193425238627e-07,0.0012127796653658152,9.254435440197994e-08,5.046035256306425e-10,3.863531361503192e-08,2.58158308952261e-07,1.7970063481698162e-06,Bass_drum
0ddb4bdf.wav,Bass_drum,3.640850627562031e-05,0.9978416562080383,8.140130375977606e-05,9.747074045662885e-07,0.0020233900286257267,8.741674832890567e-07,1.1026138224679016e-08,5.336524111498875e-09,1.3612561815534718e-05,1.7680965811450733e-06,Bass_drum
921eee9d.wav,Bass_drum,0.06940340250730515,0.6787989735603333,0.015123353339731693,0.14205816388130188,0.008129540830850601,0.002512270351871848,5.323777713783784e-06,0.0009962957119569182,0.08234555274248123,0.0006270600133575499,Bass_drum
c153f347.wav,Bass_drum,0.0001915383618324995,0.989035964012146,4.9647100240690634e-05,3.2130933504959103e-06,0.01070124190300703,3.536064809850359e-07,2.5148443327793757e-09,4.867209923986593e-08,1.4764732441108208e-05,3.2005191314965487e-06,Bass_drum
63e0ab2c.wav,Bass_drum,2.2715976228937507e-05,0.9998302459716797,1.8223847291665152e-05,7.84659661690057e-08,0.00012787760351784527,1.0715612397405039e-08,1.500225811634781e-11,4.2936462718579094e-10,6.790108386667271e-08,8.01556325313868e-07,Bass_drum
88780eac.wav,Bass_drum,0.030425406992435455,0.8999641537666321,0.001924334093928337,0.00023840214998926967,0.008331120014190674,0.006008332595229149,0.0008953865035437047,3.0320401492645033e-05,0.04972150921821594,0.0024610639084130526,Bass_drum
bea51ca5.wav,Bass_drum,0.038654692471027374,0.7007280588150024,0.13409645855426788,0.0016220782417804003,0.11131066083908081,0.013189482502639294,6.331603117359919e-07,4.2320072680013254e-05,0.00017799674242269248,0.00017765784286893904,Bass_drum
f26131d8.wav,Bass_drum,1.0610076969896909e-05,0.9988771080970764,7.037461182335392e-05,9.635464266466442e-06,0.0005406616255640984,2.450083957228344e-05,4.108998474805503e-09,3.543759885360487e-05,0.00033377259387634695,9.797571692615747e-05,Bass_drum
ce75b5ce.wav,Bass_drum,0.0006497647264041007,0.9840367436408997,0.0006024350295774639,3.6393155369296437e-06,0.01329642441123724,1.516659449407598e-05,7.335805207731028e-08,0.0002424713020445779,0.0007610740140080452,0.00039220735197886825,Bass_drum
565f3ee2.wav,Bass_drum,0.0025351347867399454,0.9569154977798462,0.004754206165671349,0.0001362979965051636,0.006338458973914385,2.3739945390843786e-05,1.1503740182661204e-07,0.02878524549305439,5.377181514631957e-05,0.0004576561041176319,Bass_drum
ff11628d.wav,Bass_drum,0.00012373396020848304,0.9977811574935913,0.00018695196195039898,1.6756114291638369e-06,0.001893364591524005,1.0662863587640459e-06,1.3502118312302969e-09,2.502190010744698e-09,6.449408829212189e-06,5.517083081940655e-06,Bass_drum
cdfc8967.wav,Bass_drum,0.003480565268546343,0.9598004221916199,0.006422626785933971,0.0002035775250988081,0.02792542614042759,8.639448788017035e-05,1.0450482932355953e-06,1.1616729267416304e-07,0.001446015783585608,0.0006338403909467161,Bass_drum
f8a99b37.wav,Bass_drum,2.7323529138811864e-05,0.998782753944397,6.877657870063558e-05,3.5186894820071757e-07,0.0011179425055161119,1.9396638606394845e-07,1.3311145519168122e-09,8.121263661564626e-09,3.260948346905934e-07,2.3950428840180393e-06,Bass_drum
809ea09e.wav,Bass_drum,4.752102540805936e-05,0.9954018592834473,0.00028962435317225754,5.522371111510438e-07,0.004237068351358175,8.418533070653211e-07,8.932518724691363e-09,5.814632331180292e-09,1.9009226889465936e-05,3.4939926081278827e-06,Bass_drum
03fc1f96.wav,Bass_drum,0.19530531764030457,0.2611599862575531,0.048592403531074524,0.0009125130018219352,0.46601733565330505,0.0036891624331474304,0.0002527173201087862,0.021103980019688606,0.002493381267413497,0.0004732035449706018,Double_bass
8b6a16de.wav,Bass_drum,0.0002631387615110725,0.9897617697715759,0.00012432517542038113,1.4915920019120676e-06,0.009846466593444347,4.5727207975687634e-07,4.740857484364369e-09,6.931741580729067e-08,1.55654262812277e-07,2.1130108507350087e-06,Bass_drum
7dda9dc2.wav,Bass_drum,0.062018267810344696,0.844064474105835,0.009546113200485706,0.00017535648657940328,0.07842165231704712,0.00031227749423123896,2.0071965423085203e-08,9.071673616745102e-07,0.004426469560712576,0.0010343872709199786,Bass_drum
3a9085ca.wav,Bass_drum,0.0008304157527163625,0.9357438087463379,0.0009103427873924375,3.409830969758332e-05,0.01848416030406952,9.08977453946136e-05,5.423679567684303e-07,0.001974884420633316,0.04085690155625343,0.0010740355355665088,Bass_drum
4ba2b70e.wav,Bass_drum,2.5417795768589713e-05,0.9738821387290955,5.673333362210542e-06,1.265295850316761e-06,0.0035531017929315567,3.540503485055524e-06,7.867761553370656e-09,0.0004176679067313671,0.02210538648068905,5.894379228266189e-06,Bass_drum
01c2f88b.wav,Bass_drum,0.0003681612724903971,0.9726589322090149,0.0038329281378537416,9.531405521556735e-05,0.022644467651844025,0.00013656375813297927,9.425280040886719e-07,8.735796086511982e-09,0.0002117625408573076,5.084755321149714e-05,Bass_drum
ce3f3400.wav,Bass_drum,0.17516127228736877,0.6175022125244141,0.09000063687562943,0.0014079639222472906,0.041612014174461365,0.0010506997350603342,2.1799785827170126e-05,0.0013650287874042988,0.0008996507385745645,0.07097871601581573,Bass_drum
6a96272b.wav,Bass_drum,0.00043621775694191456,0.8652321696281433,0.0005310281412675977,0.00010196372022619471,0.13363541662693024,3.977537926402874e-05,1.590432141540532e-08,2.3598431653226726e-06,1.219896694237832e-05,8.930376679927576e-06,Bass_drum
9adffd44.wav,Bass_drum,0.005390488542616367,0.9666857123374939,0.0007621102849952877,1.311965115746716e-05,0.026899920776486397,6.7077444327878766e-06,2.088380846032578e-08,4.866245490120491e-06,8.107805342660868e-07,0.00023621006403118372,Bass_drum
7d11b3b4.wav,Bass_drum,0.00016766603221185505,0.9965372681617737,1.970478297153022e-05,5.221456376602873e-06,0.0032612127251923084,5.013538952880481e-07,7.722679162824875e-10,1.0822817841926735e-07,5.194170171307633e-06,3.093563009315403e-06,Bass_drum
bab98261.wav,Bass_drum,3.132024357910268e-05,0.9976288080215454,1.2302059985813685e-05,2.0675201994890813e-06,0.0023074322380125523,1.891532406261831e-07,1.3160812439849678e-09,1.3009150734433206e-07,9.112733096117154e-06,8.736965355637949e-06,Bass_drum
c11bacda.wav,Bass_drum,0.03831762820482254,0.8898636102676392,0.04036787524819374,0.0036184212658554316,0.01896541938185692,0.0018108199583366513,2.536434067224036e-06,9.511390089755878e-05,0.000591509451624006,0.006367065012454987,Bass_drum
9a4bfb69.wav,Bass_drum,0.027091508731245995,0.6113137006759644,0.06765183806419373,0.006077514961361885,0.2852502763271332,0.0022968866396695375,1.5933316035443568e-06,3.1153417694440577e-06,0.00017159876006189734,0.00014201825251802802,Bass_drum
18865530.wav,Flute,0.003402138128876686,6.352478521876037e-06,0.0003557151067070663,0.0034870216622948647,0.000348156871041283,0.9797695279121399,0.0005141452420502901,0.0013431713450700045,0.0024940818548202515,0.00827973335981369,Flute
9f6eac9c.wav,Flute,0.0059419902972877026,8.679032958980315e-08,0.017152752727270126,0.04749588295817375,4.146079675138026e-07,0.9101134538650513,0.010361778549849987,0.004522126168012619,9.709734513307922e-06,0.00440168147906661,Flute
07db7f16.wav,Flute,0.0003764433495234698,0.04536331072449684,0.001375560648739338,0.038758862763643265,0.011269853450357914,0.9002205729484558,4.218415779178031e-05,2.725504373302101e-06,0.0010131944436579943,0.0015773226041346788,Flute
dc6676ff.wav,Flute,0.0004673064104281366,1.1402734401144698e-07,0.0003071674727834761,0.003115305909886956,0.00014404130342882127,0.9925485849380493,0.0018848953768610954,0.0006069464725442231,0.00013956580369267613,0.0007860542391426861,Flute
3eaddda8.wav,Flute,0.014951168559491634,1.2400876130413963e-06,0.01671692356467247,0.04408416897058487,3.1709405448054895e-05,0.8340442180633545,0.028172573074698448,0.04744173586368561,0.0001808094239095226,0.014375249855220318,Flute
1b93aeba.wav,Flute,0.0005825349362567067,4.796767427706072e-09,0.006570903118699789,6.440309516619891e-05,4.789791637449525e-05,0.9926775693893433,1.8805260424414882e-06,8.891312972991727e-06,3.8316426071105525e-05,7.651988198631443e-06,Flute
c683f28f.wav,Flute,0.0015325945569202304,1.0567968722341448e-09,0.000352746166754514,0.0020080378744751215,1.8727600945567247e-06,0.9959697723388672,5.202411834659415e-09,0.00011684733908623457,2.533930683057406e-07,1.7985707017942332e-05,Flute
55d52a69.wav,Flute,0.0008944370201788843,0.023539548739790916,0.007141635753214359,0.026823129504919052,0.004525069613009691,0.8955875635147095,0.020956028252840042,0.019176406785845757,0.0001928730052895844,0.001163253327831626,Flute
ca8653d2.wav,Flute,0.00030747888376936316,1.0331157795917534e-07,0.01525902934372425,0.007561878301203251,0.0025787290651351213,0.9506142139434814,0.00016283908917102963,0.020440712571144104,0.0023244693875312805,0.0007505500689148903,Flute
6b27a847.wav,Flute,0.0010259202681481838,2.9977602622466293e-09,0.002485153265297413,0.01603730022907257,2.000777385546826e-06,0.9774011373519897,0.0003594974405132234,3.412485966691747e-05,0.00023890534066595137,0.002416021889075637,Flute
4bcc8a77.wav,Flute,0.004561903420835733,3.492355205025888e-08,0.00027661205967888236,8.647958748042583e-05,9.459826287638862e-06,0.9604777097702026,4.589843527469384e-08,0.03397098556160927,8.928350143833086e-05,0.0005273594288155437,Flute
84f5b84b.wav,Flute,0.0027573942206799984,2.012374125115457e-07,7.70810802350752e-05,0.001987984636798501,1.5621095371898264e-05,0.9950283765792847,3.1729002785141347e-06,0.00012518855510279536,2.156930776209265e-07,4.772456122736912e-06,Flute
5d73ee6f.wav,Flute,0.02063080295920372,0.029989169910550117,0.01640147529542446,0.050187431275844574,0.007647847291082144,0.7578206658363342,0.047446779906749725,0.02786504477262497,0.02672737091779709,0.015283489599823952,Flute
5d040c3b.wav,Flute,0.0005660544848069549,1.8712644589413685e-07,0.018138879910111427,0.0001932877639774233,0.005016378592699766,0.9686867594718933,1.8654287714525708e-07,0.005420299246907234,6.490403029602021e-05,0.0019129434367641807,Flute
6a037ddf.wav,Flute,0.0018199975602328777,0.04095476120710373,0.017533263191580772,0.013327659107744694,0.0066997939720749855,0.8756470084190369,0.00031554201268590987,0.032743386924266815,0.001238096272572875,0.0097205750644207,Flute
35e97db3.wav,Flute,9.145736390436809e-10,3.6431405858747893e-20,4.942315307010503e-11,1.147236901033466e-07,2.2880932437043692e-18,0.9999999403953552,5.099426214627556e-09,5.132900059308908e-14,1.0203572758444484e-15,2.2894695028696788e-09,Flute
d14f5df1.wav,Flute,0.01104068849235773,2.3903044166218024e-06,0.007328101433813572,0.009930077008903027,0.0066960398107767105,0.927475094795227,0.0023294046986848116,0.03291807696223259,0.0006745742284692824,0.0016053044237196445,Flute
9f522cda.wav,Flute,0.00012308322766330093,2.774083363021873e-08,0.0025048197712749243,0.007158350665122271,4.677964966504078e-07,0.9685752987861633,0.00020703674817923456,0.01627894677221775,3.491404640953988e-07,0.005151796154677868,Flute
fe76c972.wav,Flute,0.018457496538758278,2.622043098199356e-07,0.05278071016073227,0.02009759470820427,0.0007277596741914749,0.8821883201599121,0.005818764213472605,0.019817965105175972,2.6825919121620245e-06,0.00010838468006113544,Flute
562d93f5.wav,Flute,0.004515644162893295,0.014044987969100475,0.022434143349528313,0.012965521775186062,0.0010533271124586463,0.9150810837745667,0.0009602734353393316,0.013028761371970177,0.01031564362347126,0.0056005800142884254,Flute
fa32109e.wav,Flute,0.0002256357838632539,0.0059727635234594345,0.012173288501799107,0.05934447795152664,0.0020643973257392645,0.8757355213165283,0.0011326915118843317,0.0345938503742218,0.007233836688101292,0.0015235688770189881,Flute
b4b2b68d.wav,Flute,0.021350214257836342,1.0270891834807117e-05,0.035663604736328125,0.008827248588204384,0.0040675620548427105,0.9141921997070312,0.0014793381560593843,0.010433056391775608,0.0002901726111304015,0.003686516545712948,Flute
af227d6f.wav,Flute,0.0037958426401019096,7.913438366813352e-07,0.04160844162106514,0.055217672139406204,0.00020919018425047398,0.8525822162628174,0.0012626000680029392,0.03750419244170189,0.0018879767740145326,0.005931175779551268,Flute
85d6a7d2.wav,Flute,0.0035415245220065117,2.588350866972178e-07,0.027113646268844604,0.02822396159172058,4.514198280958226e-06,0.8874177932739258,0.012796184979379177,0.03613141179084778,2.1568279407802038e-05,0.004749018233269453,Flute
3707da71.wav,Flute,0.007311660796403885,3.3228939173568506e-06,0.02110127918422222,0.06602144986391068,0.00016116542974486947,0.8227000832557678,0.06227993220090866,0.005393494851887226,0.014336634427309036,0.0006909353542141616,Flute
61c914b1.wav,Flute,2.043527456407901e-05,3.347780719309412e-08,3.6125558835919946e-05,0.09013442695140839,5.8739615269587375e-06,0.9097542762756348,2.839507828866772e-07,2.699342758205603e-07,7.591129929096496e-07,4.763130709761754e-05,Flute
f5e20dce.wav,Flute,0.10192406177520752,0.016390813514590263,0.07448480278253555,0.053543172776699066,0.0008676431607455015,0.6312203407287598,0.0006004130118526518,0.061269361525774,0.04874733090400696,0.01095204334706068,Flute
b0d9849d.wav,Flute,0.0053783985786139965,0.02514994516968727,0.02700895629823208,0.034506261348724365,0.011938723735511303,0.8824527859687805,0.009874459356069565,0.0018407648894935846,0.0010605199495330453,0.0007891118293628097,Flute
6ef82473.wav,Flute,0.012128888629376888,5.3531202581780235e-08,0.017928406596183777,0.018237460404634476,0.01051364280283451,0.8615356683731079,0.03845757991075516,0.03741881996393204,0.0006274241022765636,0.0031520435586571693,Flute
8986cced.wav,Flute,0.001201992854475975,3.4090857070623315e-07,0.00021331969765014946,0.0001335773413302377,5.755719485023292e-06,0.9965274930000305,7.196681053756038e-06,0.0009199063060805202,0.0007911463035270572,0.00019934916053898633,Flute
a64a3740.wav,Clarinet,3.0780334782321006e-05,2.3817192695229597e-16,4.6594802682875525e-08,0.9958562254905701,2.633086348784175e-13,0.0041112033650279045,6.508337691002453e-08,8.087750469343291e-10,1.1148647871550565e-07,1.5018456451798556e-06,Clarinet
ad7ec8cb.wav,Clarinet,5.729349936700601e-07,6.989816465904973e-17,2.7662377943826755e-10,0.9999581575393677,9.403714252396327e-16,3.958208981202915e-05,1.0344608199555627e-12,3.5563979539077195e-10,1.3027723753111786e-06,3.4516909863668843e-07,Clarinet
8ee44fb5.wav,Clarinet,0.0018891198560595512,4.334418701778045e-14,1.0293023100516052e-09,0.9976027011871338,2.5343348397655063e-07,0.0002060755214188248,1.0270920114408e-08,0.00012337624502833933,1.9149756269598583e-07,0.00017834454774856567,Clarinet
7eb959ec.wav,Clarinet,0.022354455664753914,8.685497050464619e-06,0.005079088732600212,0.9414414167404175,7.663146243430674e-05,0.006362732499837875,7.228810136439279e-05,0.02445225790143013,4.508582605922129e-06,0.000148024846566841,Clarinet
e51e1770.wav,Clarinet,4.930916475132108e-06,3.754355049068181e-09,5.743395945501106e-07,0.9594814777374268,0.00011631554662017152,0.00039250694680958986,0.01998952217400074,0.00033327180426567793,0.0018640151247382164,0.017817575484514236,Clarinet
3f7e6da8.wav,Clarinet,1.1610111414483981e-06,2.4956677214171483e-14,2.671896800165996e-05,0.9828429222106934,1.1984861991720663e-08,4.935522883897647e-05,0.017079606652259827,1.549088466390458e-07,3.160549510994315e-08,1.604049809644792e-10,Clarinet
3cbe9902.wav,Clarinet,0.003471922129392624,0.0466371513903141,0.01875285804271698,0.902528703212738,0.008494398556649685,0.0031673444900661707,0.002781235845759511,6.610974378418177e-05,0.0009760749526321888,0.01312420703470707,Clarinet
9a722e53.wav,Clarinet,1.370891027363541e-06,7.728990990512989e-15,2.4794418962414966e-08,0.999885082244873,1.260867605878957e-07,2.706528721319046e-05,4.176195153582363e-11,8.646408969070762e-05,1.2084379052978989e-09,9.143521356724804e-11,Clarinet
19105b8a.wav,Clarinet,0.0011231349781155586,7.429396646330133e-05,0.0059826732613146305,0.9382120966911316,0.006851986050605774,0.008936611004173756,0.03848603740334511,0.000166474943398498,5.002438047085889e-05,0.00011680208990583196,Clarinet
1f81cc2b.wav,Clarinet,0.00011626444756984711,5.160390628589084e-06,0.002140734111890197,0.9714690446853638,1.4566697245754767e-05,0.015745164826512337,0.0006320024840533733,0.007005407474935055,0.002058997517451644,0.0008128389017656446,Clarinet
44c5094c.wav,Clarinet,6.493423279607669e-05,3.8381331533138274e-13,3.0055012757657096e-05,0.9880319833755493,1.1288329992975576e-10,0.011378624476492405,1.0826073110897783e-12,0.00024626372032798827,3.815989373379125e-07,0.00024801137624308467,Clarinet
5506629f.wav,Clarinet,0.008172701112926006,0.00027272498118691146,0.0030322009697556496,0.9766868948936462,0.0005548737826757133,0.007734858896583319,0.00048334820894524455,0.0013167505385354161,0.001386905089020729,0.00035893276799470186,Clarinet
ddf23920.wav,Clarinet,2.806537850119639e-06,9.536527562687924e-17,1.266722193804526e-07,0.9987661242485046,1.09831095607138e-10,0.0012276245979592204,3.0251719635998597e-06,3.5289335342802985e-10,3.5856826396951647e-09,2.655275181950856e-07,Clarinet
2e1cd085.wav,Clarinet,1.920126123877708e-06,8.043209800167572e-18,3.00899816174649e-09,0.9999353289604187,1.0507045009634345e-17,6.271331221796572e-05,2.0061062677717437e-15,3.750928456724978e-09,1.8201484408564284e-07,1.334201193969875e-08,Clarinet
dc981a38.wav,Clarinet,5.6437151215504855e-05,3.730551043190644e-06,0.0005682550254277885,0.838554322719574,0.0001554806949570775,0.15927527844905853,7.318379357457161e-05,0.0007194069912657142,4.5061398168400046e-08,0.0005938505637459457,Clarinet
a053797b.wav,Clarinet,0.00016424250497948378,3.3138194879128724e-13,1.2634119457288762e-06,0.9987161159515381,1.8068450069463893e-09,3.0609005534643074e-06,6.365875166412793e-13,0.0011147435288876295,2.5356005295407158e-08,4.780536073667463e-07,Clarinet
f2310f0d.wav,Clarinet,0.0019713800866156816,0.0160232987254858,0.007816324010491371,0.9412057399749756,0.008890037424862385,0.00250428868457675,0.007168385665863752,0.0006170358974486589,0.003440651809796691,0.010362967848777771,Clarinet
ce65d6b5.wav,Clarinet,6.626087724725949e-06,4.7129057180830304e-15,4.19201705881278e-06,0.9925563335418701,5.768075084233715e-08,0.0005514773656614125,1.8056889533948906e-12,0.006852295249700546,1.2656898888963042e-06,2.7988338842988014e-05,Clarinet
45de3233.wav,Clarinet,0.003616460831835866,0.06030138581991196,0.005915305111557245,0.9213765859603882,0.0073273577727377415,0.00017162850417662412,1.826978950703051e-05,7.278112025232986e-05,0.0007444973452948034,0.00045582823804579675,Clarinet
8916ffcd.wav,Clarinet,9.328342275694013e-05,4.049444821652116e-16,4.226954075647882e-08,0.9997850656509399,6.390980106241173e-11,5.158989370102063e-05,8.742685395080052e-13,6.728402513545007e-05,3.422668815034058e-10,2.898088041547453e-06,Clarinet
e43f7db2.wav,Clarinet,1.3851426672317757e-08,1.237148161692403e-09,0.017583075910806656,0.9698498845100403,6.35709707097476e-10,0.000780077651143074,6.615123115949473e-09,0.00011290896509308368,2.7943464374402538e-05,0.011646050959825516,Clarinet
3c66098d.wav,Clarinet,1.9902559245110751e-07,2.5474039432640252e-15,5.239049642113969e-05,0.9628790020942688,8.63646914400773e-12,0.037067148834466934,1.0464511202012972e-10,7.262459522650033e-09,3.3651691211389334e-08,1.3913670500187436e-06,Clarinet
ad42e493.wav,Clarinet,0.0015826578019186854,2.0391743760228564e-07,0.00010613069025566801,0.9931796789169312,6.598579057026654e-05,0.001775643089786172,0.0020699934102594852,0.00048681095358915627,0.0005500438855960965,0.00018288516730535775,Clarinet
740e5bb7.wav,Clarinet,0.005646851845085621,0.03306955844163895,0.012270255945622921,0.8826448917388916,0.007749522570520639,0.010731581598520279,0.02008681930601597,0.013634268194437027,0.0028324273880571127,0.011333965696394444,Clarinet
800b401e.wav,Clarinet,0.017971612513065338,0.0020785871893167496,0.0059512704610824585,0.936018705368042,0.005192435812205076,0.030657431110739708,1.6924282419950032e-07,0.002078151563182473,4.412311318446882e-05,7.665992598049343e-06,Clarinet
3c713bcf.wav,Clarinet,4.6474639248117455e-07,6.094376669985024e-10,0.0002011272736126557,0.9818309545516968,1.8416154716760502e-06,8.766967880546872e-07,0.017962953075766563,1.7869858766061952e-06,5.0831432396591936e-09,5.349525977749181e-08,Clarinet
2fc00271.wav,Clarinet,3.0227070624277985e-07,1.983015802346083e-13,5.888538368026275e-08,0.9999159574508667,1.2069999399955122e-07,1.4417062629945576e-05,4.540757436188869e-05,2.3683460312895477e-05,1.5603929259810911e-09,5.098512900758578e-08,Clarinet
b0c06255.wav,Clarinet,2.153792138415156e-06,1.2654144225521247e-11,0.00037211296148598194,0.9945935606956482,3.968015693800453e-09,0.0006866625044494867,2.5734829378620816e-08,0.003913216292858124,1.4720964713887952e-07,0.00043216225458309054,Clarinet
71c6451f.wav,Clarinet,6.836829470557859e-06,2.0415757724380175e-15,1.6402576648033573e-06,0.9835063815116882,3.776640653541108e-07,0.011936004273593426,3.924327252047277e-10,0.0013558109058067203,5.344524197425926e-06,0.003187597496435046,Clarinet
5de123c3.wav,Clarinet,8.539004920748994e-05,6.034817692226677e-14,1.1766685020120349e-05,0.9977135062217712,1.7171210231481382e-07,0.0005105168675072491,1.6323281702007586e-12,0.0016710630152374506,2.1267890559784064e-08,7.617772098456044e-06,Clarinet
